{
  "30～34歳": {
    "300万未満": 0.2484649121761322,
    "300～500万": 0.06113686412572861,
    "700～1000万": 0.08521874248981476,
    "1000～1400万": 0.5470848679542542
  },
  "18～19歳": {
    "300万未満": 0.1126045510172844,
    "700～1000万": 0.052094005048274994,
    "1400万以上": 0.11932232975959778,
    "500～700万": 0.11980152875185013,
    "300～500万": 0.06455102562904358,
    "1000～1400万": 0.05767444521188736
  },
  "60～69歳": {
    "1400万以上": 0.5470848679542542,
    "500～700万": 0.09643040597438812,
    "700～1000万": 0.49453115463256836,
    "300～500万": 0.0644264817237854,
    "1000～1400万": 0.042761191725730896
  },
  "12～14歳": {
    "300～500万": 0.031245939433574677,
    "1400万以上": 0.05333852767944336
  },
  "20～21歳": {
    "300万未満": 0.060006946325302124,
    "300～500万": 0.4938921630382538,
    "500～700万": 0.5248093605041504,
    "700～1000万": 0.2639837861061096,
    "1000～1400万": 0.5185255408287048
  },
  "40～49歳": {
    "300万未満": 0.05773159861564636,
    "1400万以上": 0.06028171628713608,
    "700～1000万": 0.05069221556186676,
    "300～500万": 0.058939386159181595,
    "1000～1400万": 0.057091306895017624
  },
  "15～17歳": {
    "300万未満": 0.039855994284152985,
    "700～1000万": 0.04114656150341034,
    "1400万以上": 0.044284071773290634,
    "500～700万": 0.038679689168930054,
    "300～500万": 0.038681041449308395,
    "1000～1400万": 0.044096965342760086
  },
  "50～59歳": {
    "300万未満": 0.5391153693199158,
    "700～1000万": 0.06152082234621048,
    "1400万以上": 0.5470848679542542,
    "500～700万": 0.5470848679542542,
    "300～500万": 0.09758972376585007,
    "1000～1400万": 0.0988737940788269
  },
  "70歳～": {
    "300万未満": 0.29110074043273926,
    "1400万以上": 0.05767257139086723,
    "700～1000万": 0.18422958254814148,
    "1000～1400万": 0.22671741247177124
  },
  "0～11歳": {
    "300万未満": 0.036073192954063416,
    "500～700万": 0.04188776761293411
  },
  "22～29歳": {
    "300万未満": 0.06929492950439453,
    "1400万以上": 0.07073058933019638,
    "500～700万": 0.07109669595956802,
    "300～500万": 0.05430660769343376,
    "1000～1400万": 0.2628017067909241
  },
  "35～39歳": {
    "300万未満": 0.2757725417613983,
    "300～500万": 0.08207177370786667,
    "1000～1400万": 0.04965833202004433
  }
}