{
  "30～34歳": {
    "300万未満": 0.4506094464195023,
    "700～1000万": 0.2452386998476384,
    "1400万以上": 0.010030472320975115,
    "500～700万": 0.5594421872354833,
    "300～500万": 0.31263754867106824,
    "1000～1400万": 0.04579312679871339
  },
  "18～19歳": {
    "300万未満": 0.04407905874386321,
    "700～1000万": 0.028398510242085662,
    "1400万以上": 0.0008676146944303369,
    "500～700万": 0.015765193837819536,
    "300～500万": 0.025181987472490265,
    "1000～1400万": 0.011257829693583883
  },
  "60～69歳": {
    "300万未満": 0.06060606060606061,
    "700～1000万": 0.0654520060944642,
    "1400万以上": 0.012464025732182157,
    "500～700万": 0.060330963263924155,
    "300～500万": 0.06069070594210259,
    "1000～1400万": 0.013585576434738445
  },
  "12～14歳": {
    "300万未満": 0.0008464533604198408,
    "300～500万": 0.0002962586761469443,
    "500～700万": 0.00033858134416793635,
    "700～1000万": 6.348400203148806e-05,
    "1400万以上": 2.1161334010496022e-05
  },
  "20～21歳": {
    "300万未満": 0.5884120534958523,
    "700～1000万": 0.3142881327238869,
    "1400万以上": 0.015066869815473168,
    "500～700万": 0.45983578804807856,
    "300～500万": 0.41074149314372776,
    "1000～1400万": 0.07793719316065685
  },
  "40～49歳": {
    "300万未満": 0.26984933130184524,
    "700～1000万": 0.2648975791433892,
    "1400万以上": 0.018177585915016083,
    "500～700万": 0.29323260538344337,
    "300～500万": 0.27549940748264773,
    "1000～1400万": 0.06657355679702048
  },
  "15～17歳": {
    "300万未満": 0.0004655493482309125,
    "700～1000万": 2.1161334010496022e-05,
    "1400万以上": 6.348400203148806e-05,
    "500～700万": 0.0004232266802099204,
    "300～500万": 0.00044438801422041644,
    "1000～1400万": 0.0001058066700524801
  },
  "50～59歳": {
    "300万未満": 0.11907482647706111,
    "700～1000万": 0.1288090401218893,
    "1400万以上": 0.012273573726087693,
    "500～700万": 0.1425427458947012,
    "300～500万": 0.12567716268833587,
    "1000～1400万": 0.019108684611477907
  },
  "70歳～": {
    "300万未満": 0.005078720162519045,
    "700～1000万": 0.0011427120365667851,
    "1400万以上": 0.0006771626883358727,
    "500～700万": 0.002983748095479939,
    "300～500万": 0.001989165396986626,
    "1000～1400万": 0.0031318774335534114
  },
  "0～11歳": {
    "300万未満": 4.2322668020992044e-05,
    "500～700万": 0.00012696800406297612
  },
  "22～29歳": {
    "300万未満": 0.5380480785508719,
    "700～1000万": 0.359255967496191,
    "1400万以上": 0.013733705772811917,
    "500～700万": 0.5541518537328594,
    "300～500万": 0.5568605044862028,
    "1000～1400万": 0.1717665481631962
  },
  "35～39歳": {
    "300万未満": 0.9376587100050787,
    "700～1000万": 0.7744836634501439,
    "1400万以上": 0.03601659048586423,
    "500～700万": 1.0,
    "300～500万": 0.7058786185881158,
    "1000～1400万": 0.18869561537159302
  }
}