{
  "30～34歳": {
    "300万未満": 0.5470848679542542,
    "700～1000万": 0.2484649121761322,
    "1400万以上": 0.06113686412572861,
    "500～700万": 0.49453115463256836,
    "300～500万": 0.5470848679542542,
    "1000～1400万": 0.09643040597438812
  },
  "18～19歳": {
    "300万未満": 0.06028171628713608,
    "700～1000万": 0.05767444521188736,
    "1400万以上": 0.05069221556186676,
    "500～700万": 0.05773159861564636,
    "300～500万": 0.058939386159181595,
    "1000～1400万": 0.057091306895017624
  },
  "60～69歳": {
    "300万未満": 0.07073058933019638,
    "700～1000万": 0.0644264817237854,
    "1400万以上": 0.042761191725730896,
    "500～700万": 0.06929492950439453,
    "300～500万": 0.07109669595956802,
    "1000～1400万": 0.05430660769343376
  },
  "12～14歳": {
    "300万未満": 0.030941646546125412,
    "300～500万": 0.03522194176912308,
    "500～700万": 0.03900502994656563,
    "700～1000万": 0.04282105341553688,
    "1400万以上": 0.04637468606233597
  },
  "20～21歳": {
    "300万未満": 0.5248093605041504,
    "700～1000万": 0.2639837861061096,
    "1400万以上": 0.060006946325302124,
    "500～700万": 0.4938921630382538,
    "300～500万": 0.5185255408287048,
    "1000～1400万": 0.08521874248981476
  },
  "40～49歳": {
    "300万未満": 0.29110074043273926,
    "700～1000万": 0.18422958254814148,
    "1400万以上": 0.05767257139086723,
    "500～700万": 0.22671741247177124,
    "300～500万": 0.2757725417613983,
    "1000～1400万": 0.08207177370786667
  },
  "15～17歳": {
    "300万未満": 0.039855994284152985,
    "700～1000万": 0.04114656150341034,
    "1400万以上": 0.044284071773290634,
    "500～700万": 0.038679689168930054,
    "300～500万": 0.038681041449308395,
    "1000～1400万": 0.044096965342760086
  },
  "50～59歳": {
    "300万未満": 0.11932232975959778,
    "700～1000万": 0.0988737940788269,
    "1400万以上": 0.052094005048274994,
    "500～700万": 0.1126045510172844,
    "300～500万": 0.11980152875185013,
    "1000～1400万": 0.06455102562904358
  },
  "70歳～": {
    "300万未満": 0.05333852767944336,
    "700～1000万": 0.04965833202004433,
    "1400万以上": 0.031245939433574677,
    "500～700万": 0.05229821801185608,
    "300～500万": 0.05343659967184067,
    "1000～1400万": 0.0423181876540184
  },
  "0～11歳": {
    "300万未満": 0.036073192954063416,
    "500～700万": 0.04188776761293411
  },
  "22～29歳": {
    "300万未満": 0.5470848679542542,
    "700～1000万": 0.2628017067909241,
    "1400万以上": 0.06152082234621048,
    "500～700万": 0.5391153693199158,
    "300～500万": 0.5470848679542542,
    "1000～1400万": 0.09758972376585007
  },
  "35～39歳": {
    "300万未満": 0.5454130172729492,
    "700～1000万": 0.23125270009040833,
    "1400万以上": 0.059556081891059875,
    "500～700万": 0.3884250521659851,
    "300～500万": 0.5355619788169861,
    "1000～1400万": 0.09345471113920212
  }
}